{"total":60,"rows":[
	{"id":1,"title":"产品","content":"点击我显示详细信息","path":"base.html"},
	{"id":2,"title":"产品","content":"点击我显示详细信息","path":"base.html","_delta":"#delta-test"},
	{"id":3,"title":"产品","content":"点击我显示详细信息","path":"base.html"},
	{"id":4,"title":"产品","content":"点击我显示详细信息","path":"base.html"},
	{"id":5,"title":"产品","content":"点击我显示详细信息","path":"base.html"},
	{"id":6,"title":"产品","content":"点击我显示详细信息","path":"base.html"},
	{"id":7,"title":"产品","content":"点击我显示详细信息","path":"base.html"},
	{"id":8,"title":"产品","content":"点击我显示详细信息","path":"base.html"},
	{"id":9,"title":"产品","content":"点击我显示详细信息","path":"base.html"},
	{"id":1,"title":"产品","content":"点击我显示详细信息","path":"base.html"}
]}
